bloom_level,question,reference_answer,Comprehensive response,Competent response,Partial response,Limited response,student_answer,student_answer_rubric_category,feedback
Recognise (remembering),Name a gland in the body that has both exocrine and endocrine function,"{'correct_response': ['The pancreas is a gland in the body that performs both exocrine and endocrine functions.', 'Exocrine: It releases digestive enzymes into the small intestine to aid digestion.', 'Endocrine: It secretes hormones like insulin and glucagon into the bloodstream to regulate blood sugar.'], 'alternative_correct_responses': ['The liver (though primarily exocrine, it also has minor endocrine roles via hormone secretion like IGF-1).', 'The gonads (testes/ovaries) produce gametes (exocrine) and sex hormones (endocrine).']}","Recognises the correct gland (e.g., pancreas) and accurately identifies both its exocrine (e.g., digestive enzymes) and endocrine (e.g., insulin/glucagon) functions without errors. May include an additional valid example (e.g., liver or gonads) with clear functions.","Recognises the correct gland (e.g., pancreas) and identifies at least one of its dual functions (exocrine *or* endocrine) accurately. Minor details may be omitted (e.g., specific hormones or enzymes), but the core dual role is clear.","Recognises a gland with dual functions but provides incomplete or vague details about its roles (e.g., names pancreas but describes only digestion *or* hormone secretion without clarity). May include minor inaccuracies (e.g., incorrect hormone/enzyme names).","Fails to recognise a correct gland with dual functions, or provides an incorrect example (e.g., thyroid, which is endocrine-only). Response may be unrelated, blank, or include significant factual errors (e.g., confusing exocrine/endocrine roles).",The thyroid gland is a gland in the body that has both exocrine and endocrine functions because it releases hormones into the blood and also helps with digestion.,Limited response,"Your answer identifies the thyroid gland, but this is not a correct example of a gland with both exocrine and endocrine functions, as the thyroid is primarily endocrine-only. While you correctly mention hormone release into the blood (an endocrine function), the claim that it aids digestion is inaccurate, as the thyroid does not have an exocrine role. To improve, focus on a gland like the pancreas, which clearly demonstrates both functions—releasing digestive enzymes (exocrine) and hormones like insulin (endocrine). Ensure your examples align with the specific roles of each gland to avoid factual errors."
Identify (remembering),Name a human cell that is haploid,{'correct_response': 'A sperm cell or an egg cell (gamete) is a haploid human cell because it contains only one set of chromosomes (23 total).'},"Identifies a correct haploid human cell (e.g., sperm, egg/gamete) and briefly explains its haploid nature (e.g., 'has 23 chromosomes' or 'half the usual number').","Identifies a correct haploid human cell (e.g., sperm or egg/gamete) without additional explanation.","Names a cell that is *not* haploid (e.g., skin cell, neuron) or provides an unclear/incomplete answer (e.g., 'reproductive cell' without specifying).","Fails to identify any cell or provides an irrelevant/incorrect answer (e.g., 'blood cell,' 'bacteria').","A human gamete, like a sperm cell or an egg cell, is haploid because it contains only one set of chromosomes.",Comprehensive response,"Your answer is strong and fully meets the expectations for a detailed response. You correctly identify both sperm and egg cells as haploid human cells and clearly explain their haploid nature by noting they contain ""only one set of chromosomes."" This demonstrates a precise understanding of the concept. To refine further, you could specify the exact number of chromosomes (23) for added clarity, though your current explanation is already accurate and well-phrased. Keep up the thorough and concise approach in your responses."
Recognise (remembering),What is the significance of the internal structure of the mitonchodria,"{'key_points': ['The mitochondria is the powerhouse of the cell because it produces ATP (energy) through cellular respiration.', 'Its inner membrane is folded into cristae, increasing surface area for energy production.', 'The matrix (inner space) contains enzymes and DNA needed for mitochondrial function.', 'The double-membrane structure helps control the flow of materials and protects mitochondrial processes.', 'Mitochondria play a key role in cell metabolism, helping break down nutrients to release energy.'], 'simplified_explanation': 'The mitochondria’s internal parts (like the folded inner membrane and matrix) work together to efficiently create energy (ATP) that cells need to function. Its structure helps it perform this job effectively.'}","Recognises all key structural components (inner/outer membrane, cristae, matrix) and accurately explains their significance in energy (ATP) production. Uses clear, scientific terms (e.g., *cellular respiration*, *surface area*). No major errors.","Recognises most key structures (e.g., cristae, matrix) and explains their basic role in energy production, but may miss one minor detail (e.g., double-membrane function) or use slightly less precise language. Small errors do not hinder understanding.","Recognises 1–2 structures (e.g., only cristae or matrix) or states the mitochondria produces energy but lacks clear connection between structure and function. May include vague terms (e.g., ""helps the cell"") or minor inaccuracies.","Fails to recognise key structures or their significance. Response may be incomplete (e.g., ""mitochondria make energy""), incorrect (e.g., confuses it with another organelle), or lacks scientific terms. Major gaps in understanding.",The internal structure of the mitochondria is important because it has folds called cristae that help increase the surface area inside. This lets more reactions happen that make energy for the cell. The structure also helps separate different parts so that the reactions can be more efficient. Mitochondria are known as the powerhouse of the cell because of this.,Competent response,"Your answer effectively highlights the role of the cristae in increasing surface area for energy production, demonstrating a clear understanding of how structure supports function. You also correctly connect the mitochondria’s internal organization to its efficiency in generating energy, reinforcing its reputation as the ""powerhouse of the cell."" To strengthen your response, consider explicitly naming the inner and outer membranes and their role in regulating material flow, as well as mentioning the matrix—the space where key enzymes and mitochondrial DNA are located. While your explanation is accurate and well-structured, using precise terms like *cellular respiration* or *ATP production* instead of general phrases like ""reactions"" or ""energy"" would further elevate the scientific clarity. Overall, your response is strong but could benefit from these minor refinements to fully capture the complexity of mitochondrial function."
Classify (understanding),Classify joints into different types,"{'joint_types': [{'category': 'Fibrous (Immovable)', 'description': 'Connected by dense connective tissue; allows little to no movement. Example: Sutures in the skull.', 'subtypes': ['Sutures', 'Syndesmoses', 'Gomphoses']}, {'category': 'Cartilaginous (Slightly Movable)', 'description': 'Connected by cartilage; permits limited movement. Example: Joints between vertebrae (intervertebral discs).', 'subtypes': ['Synchondroses', 'Symphyses']}, {'category': 'Synovial (Freely Movable)', 'description': 'Contains a fluid-filled cavity; allows a wide range of motion. Examples: Hinge (elbow), Ball-and-socket (hip), Pivot (neck).', 'subtypes': ['Ball-and-socket (e.g., shoulder, hip)', 'Hinge (e.g., knee, elbow)', 'Pivot (e.g., atlas-axis joint in the neck)', 'Saddle (e.g., thumb)', 'Gliding (e.g., wrist, ankle)', 'Condyloid (e.g., jaw)']}], 'classification_basis': ['Type of connective tissue (fibrous, cartilaginous, synovial).', 'Degree of movement allowed (immovable, slightly movable, freely movable).']}","Accurately classifies all three main joint types (fibrous, cartilaginous, synovial) with correct examples for each. Distinguishes subtypes for synovial joints (e.g., hinge, ball-and-socket) and explains the basis of classification (tissue type and movement). No errors in terminology or categorization.","Classifies the three main joint types and provides at least one example for each. Identifies at least three synovial joint subtypes but may omit minor details (e.g., saddle or condyloid). Basis of classification is mentioned but not fully explained. Minor errors in examples or terminology (e.g., mislabeling a subtype).","Lists at least two main joint types but fails to classify all three correctly. Examples are incomplete or inaccurate (e.g., missing synovial subtypes or confusing fibrous/cartilaginous). Basis of classification is unclear or missing. Multiple errors in terminology or organization.","Attempts to classify joints but includes only one main type or provides incorrect categories (e.g., mixing fibrous and cartilaginous). No examples or subtypes are accurately described. Basis of classification is absent. Significant errors or omissions demonstrate misunderstanding of joint types.","Joints are the parts where bones meet and they are mainly two types, movable and immovable. Movable joints are like the knee and elbow, and immovable joints are like the skull. Joints help the body to move in different directions.",Limited response,"Your response identifies the basic idea of joints as connections between bones but oversimplifies their classification by grouping them into only two broad categories—movable and immovable—without addressing the three main structural types (fibrous, cartilaginous, synovial) or their specific characteristics. While you correctly mention examples like the skull (fibrous) and knee/elbow (synovial), the explanation lacks clarity on how these joints differ in tissue type and degree of movement, which are key to proper classification. Additionally, the response does not include any synovial joint subtypes (e.g., hinge, ball-and-socket) or cartilaginous examples (e.g., intervertebral discs), and the statement about joints helping the body move, while true, does not contribute to the classification task. To improve, focus on defining all three main joint types with accurate examples and explaining the basis for their classification, such as the type of connective tissue and the range of motion they allow. This will ensure a more precise and complete answer."
Compare (understanding),Compare genetic and epigenetic mechanisms,"{'genetic_mechanisms': {'definition': 'Genetic mechanisms involve changes to the DNA sequence itself, which are permanent and can be passed from parent to child. These changes are called mutations and affect the instructions for making proteins.', 'key_features': ['Changes occur in the DNA nucleotide sequence (e.g., substitutions, insertions, deletions).', 'Mutations can alter protein function or production, leading to traits or disorders (e.g., sickle cell anemia, cystic fibrosis).', 'Inherited through reproduction (germline mutations) or acquired during a person’s lifetime (somatic mutations).', 'Stable and long-lasting unless corrected by rare DNA repair processes.'], 'examples': ['A mutation in the *BRCA1* gene increasing cancer risk.', 'A single nucleotide change causing a different amino acid in hemoglobin (sickle cell mutation).']}, 'epigenetic_mechanisms': {'definition': 'Epigenetic mechanisms involve reversible chemical modifications to DNA or its associated proteins (like histones) that affect gene expression *without* changing the DNA sequence. These changes can be influenced by the environment.', 'key_features': ['Modifications include DNA methylation (adding methyl groups to DNA) and histone acetylation (adding/removing chemical tags on histone proteins).', 'Can turn genes ‘on’ or ‘off’ in response to factors like diet, stress, or toxins (e.g., smoking, pollution).', 'Generally not permanent; can be reversed or passed to daughter cells during division (mitotic inheritance).', 'Do not alter the DNA sequence but influence how genes are read by the cell.', 'Can be inherited across generations (transgenerational epigenetic inheritance) in some cases.'], 'examples': ['Methylation silencing the *MLH1* gene in some cancers, reducing DNA repair.', 'Histone modifications during development that activate genes for specific cell types (e.g., muscle cells vs. nerve cells).', 'Environmental stressors in pregnant mothers affecting the baby’s gene expression (e.g., famine studies in the Netherlands).']}, 'comparison': {'similarities': ['Both regulate gene function and can impact traits or disease risk.', 'Can be influenced by environmental factors (e.g., radiation causing mutations; diet affecting methylation).'], 'differences': [{'aspect': 'Permanence', 'genetic': 'Permanent (unless repaired).', 'epigenetic': 'Reversible; can change over time.'}, {'aspect': 'Inheritance', 'genetic': 'Passed to offspring via DNA.', 'epigenetic': 'Sometimes passed to offspring (less predictable).'}, {'aspect': 'Mechanism', 'genetic': 'Changes to DNA sequence.', 'epigenetic': 'Chemical tags on DNA/proteins (no sequence change).'}, {'aspect': 'Speed of Change', 'genetic': 'Slow (requires mutations over generations or lifetime).', 'epigenetic': 'Rapid (can respond to immediate environment).'}, {'aspect': 'Examples of Impact', 'genetic': 'Causes genetic disorders (e.g., Down syndrome).', 'epigenetic': 'Links to diseases like cancer, obesity, or mental health (e.g., PTSD epigenetic markers).'}]}}","Clearly compares genetic and epigenetic mechanisms by: 1) Defining both with scientific accuracy; 2) Identifying at least 3 key features of each; 3) Describing 2+ similarities and 3+ differences (e.g., permanence, inheritance, mechanism); 4) Providing 1+ relevant example for each. Uses precise terms (e.g., methylation, mutation, histone acetylation) and organizes information logically.","Compares genetic and epigenetic mechanisms by: 1) Defining both correctly; 2) Listing 2 key features of each; 3) Describing 1 similarity and 2 differences; 4) Including 1 example for at least one mechanism. Minor errors in terminology or organization may be present, but the overall comparison is clear.","Attempts to compare but: 1) Defines only one mechanism clearly or uses vague language; 2) Lists 1–2 features for each but lacks depth; 3) Identifies 1 similarity *or* 1 difference; 4) Lacks examples or uses incorrect ones. Contains noticeable gaps or inaccuracies (e.g., confusing mutations with methylation).","Fails to compare effectively: 1) Does not define one or both mechanisms; 2) Provides no key features or incorrect features (e.g., claims epigenetics changes DNA sequence); 3) Omits similarities/differences or states them incorrectly; 4) Includes no examples or irrelevant details. Response is disjointed or largely inaccurate.","Genetic mechanisms involve changes to the actual DNA sequence, like mutations, which can be inherited and directly affect the function of genes. Epigenetic mechanisms, on the other hand, don't change the DNA sequence itself but instead involve modifications like DNA methylation or histone modification that influence how genes are turned on or off. While genetic changes are permanent unless reversed by another mutation, epigenetic changes can be reversible and are often influenced by environmental factors. Both mechanisms play important roles in how traits are expressed and can contribute to diseases, but they operate at different levels of gene regulation.",Competent response,"Your response effectively compares genetic and epigenetic mechanisms with clarity and scientific precision. You accurately define both mechanisms, emphasizing that genetic changes alter the DNA sequence (e.g., mutations) while epigenetic modifications—such as methylation and histone changes—regulate gene expression without sequence alterations. The comparison highlights key distinctions, including permanence (genetic changes being stable vs. epigenetic reversibility) and environmental influence, which aligns well with the core differences. Additionally, you correctly note their shared role in trait expression and disease contribution, demonstrating a strong grasp of their functional overlap. To further strengthen your response, consider expanding on specific examples (e.g., a genetic mutation like *BRCA1* or an epigenetic marker in cancer) and elaborating on inheritance patterns (e.g., germline vs. transgenerational epigenetic effects). This would deepen the comparison and reinforce your already well-structured explanation. Overall, your answer is logically organized and uses precise terminology, meeting the expectations of a comprehensive analysis."
Describe (understanding),Describe the role of tRNA.,"{'role_of_trna': 'Transfer RNA (tRNA) is a small RNA molecule that plays a key role in protein synthesis. Its main functions are:', 'key_functions': [{'function_1': 'Carrying amino acids: Each tRNA molecule picks up a specific amino acid from the cytoplasm and carries it to the ribosome, where proteins are made.', 'how': 'The tRNA has an anticodon (a sequence of three nucleotides) that matches a codon (a three-nucleotide sequence) on the mRNA (messenger RNA). This ensures the correct amino acid is added to the growing protein chain.'}, {'function_2': 'Translating the genetic code: tRNA acts as a ‘translator’ between the genetic information in mRNA and the sequence of amino acids in a protein. By matching anticodons to codons, it ensures the right amino acids are linked in the correct order.'}, {'function_3': 'Ensuring accuracy: The precise pairing of codons and anticodons helps prevent errors during protein synthesis, which is critical for cells to function properly.'}], 'process_overview': 'During translation, tRNA binds to the ribosome, matches its anticodon to the mRNA codon, deposits its amino acid, and then leaves to pick up another amino acid. This cycle repeats until the protein is complete.'}","The response fully describes the role of tRNA by:
- Identifying its primary function as carrying amino acids to the ribosome.
- Explaining how tRNA matches anticodons to mRNA codons to ensure correct amino acid placement.
- Relating tRNA’s role to the overall process of protein synthesis (translation).
- Using clear, accurate scientific terms (e.g., codon, anticodon, ribosome).
- Providing a logical sequence of how tRNA contributes to building proteins.","The response describes the role of tRNA but lacks one minor detail or connection. It:
- Identifies tRNA’s function in carrying amino acids.
- Explains the anticodon-codon matching process or its role in translation (but not both).
- Uses mostly accurate terms but may omit one key term (e.g., ribosome or mRNA).
- Presents ideas in a generally clear but less detailed sequence.","The response attempts to describe tRNA’s role but has significant gaps or inaccuracies, such as:
- Stating tRNA is involved in protein synthesis without explaining how (e.g., missing anticodon/codon matching).
- Listing functions (e.g., ‘carries amino acids’) without connecting them to the larger process.
- Using vague or incorrect terms (e.g., confusing tRNA with mRNA or rRNA).
- Including only 1–2 key ideas without development.","The response fails to describe tRNA’s role meaningfully. It may:
- Provide unrelated or incorrect information (e.g., describing DNA replication instead).
- Use overly simplistic or nonscientific language (e.g., ‘tRNA helps make proteins’ without specifics).
- Omit all key functions (anticodon matching, amino acid transport, translation).
- Be incomplete or unclear, making it difficult to identify understanding.",tRNA is a molecule in cells that helps make proteins. It brings amino acids to the ribosome during protein synthesis. tRNA matches up with the mRNA to make sure the right amino acids are added.,Competent response,"Your answer clearly explains tRNA’s role in protein synthesis by identifying its function in carrying amino acids to the ribosome and describing how it matches with mRNA to ensure correct amino acid placement. You use accurate scientific terms like *ribosome* and *mRNA*, and your explanation is logically structured. To strengthen your response, you could explicitly mention the *anticodon* and *codon* interaction, which is central to tRNA’s function, and briefly connect this process to the overall goal of building proteins. This would provide a more complete picture of how tRNA contributes to translation. Overall, your answer demonstrates solid understanding but would benefit from these minor refinements."
Explain (understanding),Explain what causes pulse and state the average pulse rate in humans,"{'explanation': 'A pulse is the rhythmic expansion and contraction of arteries caused by the heart pumping blood through the circulatory system. Each heartbeat creates a pressure wave that travels through the arteries, which we feel as a pulse at certain points (like the wrist or neck). The average resting pulse rate for humans is 60–100 beats per minute (bpm), though it can vary based on age, fitness level, and health.', 'key_points': ['Pulse is caused by the heart’s contractions pushing blood into arteries.', 'The pressure wave from each heartbeat creates the pulse we feel.', 'Average resting pulse rate: 60–100 bpm (children/athletes may differ).']}","Explains pulse as the result of the heart pumping blood, identifies arteries as the location of the pressure wave, and states the correct average resting pulse rate (60–100 bpm) with no errors. May include minor relevant details (e.g., pulse measurement points).","Describes pulse as linked to the heartbeat and provides the average pulse rate (60–100 bpm), but lacks one minor detail (e.g., omits ‘arteries’ or slight inaccuracy in rate range). Explanation is mostly clear but not fully developed.","Attempts to explain pulse but contains errors (e.g., confuses pulse with breathing, misstates rate as ‘50–80 bpm’). Includes only one correct element (either cause *or* rate) with limited clarity or incomplete reasoning.","Fails to explain the cause of pulse or omits the average rate entirely. Response may be vague (e.g., ‘pulse is your heartbeat’), incorrect (e.g., ‘pulse is oxygen in blood’), or incomplete (e.g., only lists a number without context).",The pulse is caused by blood moving in the veins and it happens when the heart beats. The average pulse rate in humans is about 200 beats per minute.,Limited response,"Your response contains several key inaccuracies that prevent it from fully addressing the question. The pulse is not caused by blood moving in the veins—it results from the heart pumping blood into the arteries, creating a pressure wave that can be felt at points like the wrist or neck. Additionally, the average resting pulse rate for humans is 60–100 beats per minute, not 200 bpm, which is far outside the normal range. To improve, focus on correctly identifying the role of the heart and arteries in generating the pulse and ensure the stated rate aligns with standard physiological values. A clearer explanation of how each heartbeat produces the pulse would also strengthen your answer."
Illustrate (understanding),Illustrate the economic importance of bacteria.,"{'introduction': 'Bacteria play a vital role in the global economy by contributing to industries like food production, medicine, agriculture, and environmental management. Their small size and rapid reproduction make them useful for large-scale processes that benefit humans and ecosystems.', 'key_points': [{'industry': 'Food and Beverage Production', 'examples': ['Fermentation: Bacteria like *Lactobacillus* produce yogurt, cheese, and sauerkraut by breaking down sugars into lactic acid, preserving food and enhancing flavor.', 'Vinegar production: *Acetobacter* converts alcohol into acetic acid, a key ingredient in vinegar.'], 'economic_impact': 'Reduces food waste, creates jobs in dairy and food processing, and supports small-scale and industrial food businesses.'}, {'industry': 'Medicine and Biotechnology', 'examples': ['Antibiotic production: Bacteria like *Streptomyces* produce antibiotics (e.g., streptomycin) to treat infections.', 'Insulin production: Genetically modified bacteria (e.g., *E. coli*) produce human insulin for diabetes treatment.', 'Vaccines: Bacteria are used to create vaccines (e.g., recombinant DNA technology for hepatitis B).'], 'economic_impact': 'Lowers healthcare costs, saves lives, and drives growth in pharmaceutical companies and research labs.'}, {'industry': 'Agriculture', 'examples': ['Nitrogen fixation: Bacteria like *Rhizobium* in plant roots convert nitrogen gas into usable nutrients, reducing the need for chemical fertilizers.', 'Pest control: *Bacillus thuringiensis* (Bt) produces toxins that kill insect pests without harming plants or humans.'], 'economic_impact': 'Increases crop yields, reduces farming costs, and supports sustainable agriculture.'}, {'industry': 'Environmental Management', 'examples': ['Bioremediation: Bacteria like *Pseudomonas* break down oil spills, plastic waste, and toxic chemicals in soil and water.', 'Sewage treatment: Bacteria decompose organic waste in water treatment plants, making water safe to release.'], 'economic_impact': 'Reduces pollution cleanup costs, protects ecosystems, and prevents fines for environmental violations.'}, {'industry': 'Industrial Processes', 'examples': ['Biofuel production: Bacteria convert plant waste into ethanol or biodiesel as alternative energy sources.', 'Mining: Bacteria like *Thiobacillus* extract metals (e.g., copper, gold) from ores through bioleaching.'], 'economic_impact': 'Creates renewable energy jobs, lowers fuel costs, and reduces reliance on fossil fuels.'}], 'conclusion': 'Bacteria are economically essential because they lower production costs, create new industries, and solve environmental problems. Without them, many products and services would be more expensive, less accessible, or unavailable. Their role in biotechnology and sustainability will likely grow as scientists discover new applications.'}","The response illustrates the economic importance of bacteria with clear, detailed examples from at least four different industries (e.g., food, medicine, agriculture, environment). It explains how bacteria reduce costs, create jobs, or improve efficiency in each case. The answer is well-organized, uses scientific accuracy, and includes a logical conclusion about their overall impact.","The response describes the economic importance of bacteria with examples from three industries and explains at least one way they benefit the economy (e.g., cost savings, job creation). The answer is mostly accurate but may lack depth in one area or have minor organizational issues. The conclusion is present but basic.","The response lists some economic roles of bacteria but only covers one or two industries with limited detail. The explanation of their importance is vague or incomplete (e.g., mentions fermentation but doesn’t connect it to economic benefits). The answer may have errors in accuracy or organization, and the conclusion is weak or missing.","The response attempts to address the question but fails to illustrate economic importance clearly. It may name bacteria or industries without explaining their role, contain major inaccuracies, or be disorganized. The answer lacks a logical structure and does not conclude effectively.","Bacteria play a huge role in the economy because they are used in many industries. In agriculture, they help improve soil fertility by fixing nitrogen, which helps crops grow better. In food production, bacteria are essential for making products like yogurt, cheese, and vinegar. They are also important in medicine because they are used to produce antibiotics and vaccines. Additionally, bacteria help break down waste in sewage treatment, making the process more efficient and protecting the environment. Overall, bacteria contribute a lot to food, health, agriculture, and waste management, making them very important economically.",Comprehensive response,"Your answer effectively highlights the economic importance of bacteria by covering key industries like agriculture, food production, medicine, and environmental management. You clearly explain how bacteria improve soil fertility, create essential food products, support medical advancements, and enhance waste treatment, demonstrating their broad economic impact. The response is well-structured and mostly accurate, though it could strengthen its depth by briefly explaining *how* these roles translate into economic benefits—such as cost savings, job creation, or increased efficiency in each industry. For example, you might note how nitrogen-fixing bacteria reduce fertilizer costs for farmers or how antibiotic production lowers healthcare expenses. Your conclusion ties the ideas together well, reinforcing bacteria’s overall significance, but expanding on the economic outcomes would elevate the response further. Keep up the clear and concise writing style."
Apply (applying),"Use the data below to analyze the effect of temperature on enzyme activity. Identify the optimum temperature and support your answer with evidence from the data.
Temperature (°C) – Time to complete reaction (s) – Reaction Rate (1/time)
10 °C – 120 s – 0.008
20 °C – 60 s – 0.017
30 °C – 30 s – 0.033
40 °C – 20 s – 0.050
50 °C – 35 s – 0.029
60 °C – 90 s – 0.011","{'optimum_temperature': 'The optimum temperature for this enzyme is 40 °C.', 'evidence': ['At 40 °C, the reaction rate is 0.050 (1/s), which is the highest among all temperatures tested.', 'The time to complete the reaction is 20 seconds, the shortest time recorded, showing the enzyme works fastest at this temperature.', 'Before 40 °C, the reaction rate increases as temperature rises (e.g., 0.008 at 10 °C → 0.050 at 40 °C), indicating higher enzyme activity.', 'After 40 °C, the reaction rate decreases (e.g., 0.029 at 50 °C, 0.011 at 60 °C), suggesting the enzyme begins to denature or lose function at higher temperatures.'], 'conclusion': 'This pattern shows that 40 °C maximizes enzyme activity before heat causes damage.'}","Accurately identifies 40 °C as the optimum temperature and fully supports the answer with clear, data-driven evidence, including:
- Comparison of reaction rates at all temperatures.
- Explanation of the fastest reaction time (20 s) at 40 °C.
- Description of the trend (increase before 40 °C, decrease after) and links it to enzyme denaturation.
- Uses correct scientific terms (e.g., reaction rate, denature).","Correctly identifies 40 °C as the optimum temperature and provides some evidence, such as:
- Highlighting the highest reaction rate (0.050) or shortest time (20 s) at 40 °C.
- Noting a general trend (e.g., rates increase then decrease) but may lack detail on denaturation.
- Minor gaps in explanation (e.g., misses one data point or skips the trend analysis).","Identifies 40 °C as the optimum temperature but provides limited or unclear evidence, such as:
- Only stating the reaction rate at 40 °C without comparison to other temperatures.
- Describing one piece of data (e.g., time or rate) but not both.
- Incorrectly explaining the trend (e.g., claims rates always increase with temperature).
- May use vague language (e.g., ""40 °C is best because it’s fast"").","Fails to identify 40 °C as the optimum temperature or provides no valid evidence, such as:
- Selecting the wrong temperature (e.g., 30 °C or 50 °C) with no justification.
- Listing data without analysis (e.g., copies the table but draws no conclusions).
- Making unsupported claims (e.g., ""60 °C is best because enzymes like heat"").
- Major errors in interpreting reaction rate or time.","As the temperature goes up, the enzyme activity gets faster because the reaction rate increases. The fastest reaction rate happens at 40°C, which means that is the optimum temperature. After that, the reaction rate starts to go down at 50°C and 60°C. This shows that enzymes work best at 40°C and don’t work as well at higher temperatures.",Competent response,"Your answer correctly identifies 40°C as the optimum temperature and supports this with key evidence, such as noting the highest reaction rate at this point and the decline in activity at higher temperatures (50°C and 60°C). You also recognize the general trend of increasing enzyme activity with temperature before it drops, which demonstrates a clear understanding of the data. To strengthen your response, explicitly compare the reaction rates or times at *all* tested temperatures (e.g., how 40°C’s rate of 0.050 compares to 30°C’s 0.033 or 50°C’s 0.029) to make your reasoning even more precise. Additionally, briefly explaining *why* the rate decreases after 40°C—such as by mentioning enzyme denaturation—would further clarify the biological mechanism behind the trend. Overall, your analysis is logically structured and mostly data-driven, but these refinements would elevate it to a more comprehensive explanation."
Measure (applying),"Using the data below, calculate the percentage increase in heart rate from resting to post-exercise for each person.
Person A: Resting HR = 68 bpm, Post-Exercise HR = 110 bpm
Person B: Resting HR = 72 bpm, Post-Exercise HR = 130 bpm
Person C: Resting HR = 75 bpm, Post-Exercise HR = 140 bpm","{'calculations': {'Person A': {'increase': '110 - 68 = 42 bpm', 'percentage_increase': '(42 ÷ 68) × 100 ≈ 61.76%'}, 'Person B': {'increase': '130 - 72 = 58 bpm', 'percentage_increase': '(58 ÷ 72) × 100 ≈ 80.56%'}, 'Person C': {'increase': '140 - 75 = 65 bpm', 'percentage_increase': '(65 ÷ 75) × 100 ≈ 86.67%'}}, 'formula_used': 'Percentage Increase = [(Post-Exercise HR − Resting HR) ÷ Resting HR] × 100', 'rounded_results': {'Person A': '61.8%', 'Person B': '80.6%', 'Person C': '86.7%'}}","Accurately calculates the percentage increase for all three individuals using the correct formula, shows all intermediate steps (difference in HR and division by resting HR), and rounds answers appropriately (e.g., 61.8%, 80.6%, 86.7%). No errors in arithmetic or process.","Calculates the percentage increase correctly for all three individuals and uses the correct formula, but lacks one or two intermediate steps (e.g., omits showing the difference in HR or division step). Minor rounding errors (e.g., 61% instead of 61.8%) may be present, but the method is sound.","Attempts calculations but includes 1–2 major errors, such as: incorrect formula application (e.g., divides by post-exercise HR instead of resting HR), skips steps without explanation, or omits one person’s calculation entirely. Some correct elements are present (e.g., subtracts HR correctly but miscalculates percentage).","Fails to apply the formula correctly for most or all individuals. Errors include: no calculations shown, wrong operations (e.g., adds instead of subtracts), or no percentage conversion. Work is incomplete or lacks logical progression.","To find the percentage increase, just subtract the resting heart rate from the post-exercise one and that’s the answer. So for Person A it’s 110 minus 68 which is 42 percent. For Person B it’s 130 minus 72, so 58 percent. For Person C it’s 140 minus 75 which is 65 percent increase.",Limited response,"Your answer correctly identifies the difference in heart rate for each person, but it misses the key step of converting that difference into a percentage increase. The formula requires dividing the difference by the resting heart rate and then multiplying by 100 to get the correct percentage. For example, Person A’s increase isn’t 42%—it’s (42 ÷ 68) × 100, which is approximately 61.8%. Similarly, Person B’s increase should be about 80.6%, and Person C’s should be about 86.7%. Without this division step, your results are significantly overstated. Focus on applying the full formula next time to ensure accuracy in your calculations."
Pose (applying),Pose a hypothesis to test how pH affects the rate of enzyme activity in catalase,"{'hypothesis': 'If the pH of the environment surrounding catalase is changed from acidic (pH 3) to neutral (pH 7) to basic (pH 11), then the enzyme’s activity—measured by the rate of hydrogen peroxide breakdown—will be highest at pH 7, lower at pH 3 and pH 11, and lowest at extreme pH values, because enzymes like catalase function optimally at a neutral pH near their natural conditions in cells.', 'key_elements': ['Independent variable: pH levels (e.g., 3, 7, 11)', 'Dependent variable: rate of enzyme activity (e.g., oxygen bubbles produced per minute)', 'Scientific reasoning: links pH to enzyme structure/function (e.g., denaturation at extremes)', 'Testable/predictive: states a cause-effect relationship with measurable outcomes']}","Hypothesis clearly poses a testable relationship between pH (independent variable) and enzyme activity (dependent variable), applies scientific principles to predict optimal/non-optimal pH ranges, and includes all key elements: specific pH values, measurable activity (e.g., gas production), and reasoning tied to enzyme denaturation. Language is precise and avoids assumptions.","Hypothesis poses a relationship between pH and enzyme activity but may lack one key element (e.g., specific pH values or measurable outcome). Reasoning is mostly accurate but less detailed (e.g., states 'extreme pH affects activity' without explaining denaturation). Minor clarity issues do not hinder testability.","Hypothesis attempts to link pH and enzyme activity but omits ≥2 key elements (e.g., no measurable outcome *or* no pH range) or contains vague language (e.g., 'pH changes the enzyme'). Reasoning is weak or incorrect (e.g., predicts higher activity at extreme pH). Testability is limited by missing details.","Hypothesis is incomplete or non-testable: lacks clear variables, measurable outcomes, or logical reasoning (e.g., 'pH affects catalase' with no prediction). May include irrelevant details or scientific inaccuracies (e.g., ignores enzyme specificity). Not aligned with the task’s applying level.","If the pH level changes from the optimal pH for catalase, then the rate of enzyme activity will decrease because catalase works best at a specific pH and becomes less effective if the environment is too acidic or too basic.",Competent response,"Your hypothesis effectively establishes a relationship between pH and catalase activity, recognizing that deviations from the optimal pH reduce enzyme efficiency. You correctly identify the independent variable (pH) and the dependent variable (enzyme activity), and your reasoning about enzyme sensitivity to pH extremes is scientifically sound. To strengthen this further, specify the pH values you plan to test (e.g., acidic, neutral, basic ranges) and clarify how you will measure the activity, such as tracking gas production over time. This would make your prediction more precise and directly testable, ensuring the hypothesis fully aligns with experimental design expectations. Keep the focus on measurable outcomes to elevate the clarity of your cause-effect relationship."
Predict (applying),"Using the data below, predict Person A’s heart rate after 5 minutes of intense exercise. Show how you used the trend in the data to make your estimate.
Time Exercising (minutes) – Heart Rate (bpm)
1 minute – 95 bpm
3 minutes – 120 bpm
4 minutes – 130 bpm","{'prediction': 'Person A’s heart rate after 5 minutes of intense exercise is likely to be around 140–145 bpm.', 'reasoning': {'step_1': 'Identify the trend: The heart rate increases over time. From 1 to 3 minutes, it rises by 25 bpm (from 95 to 120). From 3 to 4 minutes, it rises by 10 bpm (from 120 to 130).', 'step_2': 'Calculate the average increase per minute: Between 1–3 minutes, the average increase is 12.5 bpm per minute (25 bpm ÷ 2 minutes). Between 3–4 minutes, the increase is 10 bpm per minute.', 'step_3': 'Estimate the next increase: The rise appears to be slowing slightly. A reasonable estimate for the 5th minute is an additional 10–15 bpm (similar to the last interval).', 'step_4': 'Add the estimate to the last known heart rate: 130 bpm + 10–15 bpm = 140–145 bpm.'}}","Prediction is logical and well-supported with clear steps: (1) Accurately identifies the trend in the data, (2) calculates the rate of increase per interval, (3) justifies the estimated increase for the 5th minute, and (4) provides a precise prediction (e.g., 140–145 bpm). Uses complete sentences and correct units (bpm).","Prediction is reasonable and includes most key steps: Identifies the trend and calculates at least one rate of increase, but may lack full justification for the estimated rise (e.g., omits slowing trend). Prediction is close (e.g., 135–145 bpm) but reasoning has minor gaps or less detail. Uses correct units.","Prediction is present but weakly supported: May identify the trend (e.g., “heart rate goes up”) but lacks calculations or clear reasoning. Estimate is too vague (e.g., “over 130 bpm”) or unrealistic (e.g., 160 bpm). May have errors in units or incomplete steps.","Prediction is missing, illogical, or unsupported: No clear trend analysis or calculations. May state a random number (e.g., “100 bpm”) without explanation or ignore the data entirely. Contains major errors (e.g., wrong units, no reasoning).","After 1 minute, the heart rate is 95 bpm, then it goes up to 120 bpm at 3 minutes and 130 bpm at 4 minutes. The heart rate seems to be increasing as time goes on. So, after 5 minutes, the heart rate could be around 135 bpm because it looks like it’s going up by about 10 bpm every minute after 3 minutes. This is just an estimate based on the numbers given.",Competent response,"Your answer demonstrates a clear understanding of the trend in the data, noting that the heart rate increases over time, and you correctly identify the 10 bpm rise between 3 and 4 minutes to estimate the next interval. Your prediction of 135 bpm is reasonable and falls within an acceptable range, showing logical use of the given data. To strengthen your response, explicitly calculate the rate of increase for the first interval (1–3 minutes) to support your reasoning further—this would help justify why the rise might slow slightly rather than remain constant. Additionally, framing your estimate as a range (e.g., 135–140 bpm) could better account for the slowing trend observed in the data. Your use of units (bpm) is correct, and your explanation is clear, though expanding on the initial rate comparison would make your reasoning even more precise."
